{
  "welcomeFile": "/index.html",
  "authenticationMethod": "route",
  "routes": [
      {
      "source": "^/odata/v4/processor/(.*)$",
      "destination": "srv-api",
      "authenticationType": "xsuaa"
      },
      {
      "source": "^/resources/(.*)$",
      "target": "/resources/$1",
      "authenticationType": "none",
      "destination": "ui5"
      },
      {
      "source": "^/test-resources/(.*)$",
      "target": "/test-resources/$1",
      "authenticationType": "none",
      "destination": "ui5"
      },
      {
      "source": "^(.*)$",
      "target": "$1",
      "service": "html5-apps-repo-rt",
      "authenticationType": "xsuaa"
      }
    ]
  }  